"","ParticipantID","student","question_1","question_2","question_3","question_4","question_5","question_6","question_7","question_8","question_9","question_10","question_11","question_12","question_13","max_score","total_time_survey1","num_products_displayed","satis_Q1","num_prodXmax_score","num_prod_SQUARED","same_answers"
"2",2733,0,5,7,7,7,7,7,7,7,7,7,6,5,6,85,21.11,24,7,2040,576,FALSE
"3",2729,0,7,5,5,6,7,5,7,5,7,5,7,7,7,80,23.15,50,7,4000,2500,FALSE
"4",3498,0,7,7,4,5,4,5,5,5,5,4,4,5,4,64,23.35,40,7,2560,1600,FALSE
"5",2628,0,1,1,1,1,1,1,1,1,1,1,2,2,2,16,23.38,72,7,1152,5184,FALSE
"9",2737,0,1,3,5,4,5,4,5,6,7,5,7,5,7,64,24.88,50,3,3200,2500,FALSE
"10",2735,0,7,6,7,6,4,6,4,7,4,7,4,7,4,73,25.34,50,3,3650,2500,FALSE
"11",2619,0,4,3,5,5,3,2,5,5,5,6,3,2,5,53,26.07,72,5,3816,5184,FALSE
"12",2730,0,6,6,6,7,3,5,7,3,7,7,4,6,4,71,26.3,50,7,3550,2500,FALSE
"13",2736,0,2,4,4,4,5,5,5,5,5,5,5,6,5,60,26.42,60,4,3600,3600,FALSE
"14",2734,0,1,5,2,5,2,5,3,5,3,5,3,5,4,48,26.64,50,5,2400,2500,FALSE
"15",687,0,5,6,4,6,5,6,6,4,4,5,4,4,5,64,28.33,72,4,4608,5184,FALSE
"16",2728,0,5,4,5,5,5,2,6,2,7,5,5,6,6,63,28.93,50,7,3150,2500,FALSE
"17",2725,0,1,5,3,5,7,7,3,7,4,7,4,7,1,61,30.36,72,7,4392,5184,FALSE
"19",2727,0,3,5,4,5,5,4,5,4,7,6,3,6,7,64,31.64,24,7,1536,576,FALSE
"23",3828,0,6,5,5,5,6,5,6,6,6,6,6,6,6,74,33.87,24,4,1776,576,FALSE
"24",2846,0,5,6,6,6,7,4,6,7,6,6,7,5,6,77,34.26,50,7,3850,2500,FALSE
"25",1316,0,6,3,4,6,5,3,7,5,3,4,5,5,4,60,34.3,72,6,4320,5184,FALSE
"26",2660,0,4,4,3,5,5,4,3,3,2,6,4,5,5,53,34.83,60,7,3180,3600,FALSE
"28",1102,0,6,5,5,4,5,4,5,5,5,5,3,4,5,61,35.42,40,7,2440,1600,FALSE
"30",3531,0,6,6,5,6,7,5,6,6,6,7,5,6,5,76,37.42,60,5,4560,3600,FALSE
"31",3870,0,6,6,6,6,3,5,6,6,7,1,7,7,7,73,37.67,50,7,3650,2500,FALSE
"32",3776,0,6,6,5,3,5,4,5,5,4,6,6,6,6,67,37.82,12,7,804,144,FALSE
"33",2623,0,3,6,6,6,6,6,4,3,3,4,4,5,5,61,39.05,60,1,3660,3600,FALSE
"34",2593,0,6,5,6,7,5,2,6,7,5,3,7,7,7,73,39.36,60,7,4380,3600,FALSE
"36",3868,0,5,5,5,7,3,6,7,7,7,1,7,7,5,72,40.31,60,6,4320,3600,FALSE
"37",3267,0,6,3,7,6,5,5,2,7,6,6,4,7,7,71,40.65,60,4,4260,3600,FALSE
"38",1509,0,6,5,6,6,5,6,6,6,7,3,5,3,5,69,41,40,6,2760,1600,FALSE
"40",3543,0,2,5,5,6,2,1,1,5,2,3,2,2,2,38,41.55,60,7,2280,3600,FALSE
"41",1781,0,7,7,7,6,7,6,7,7,7,5,6,7,7,86,42.24,24,5,2064,576,FALSE
"43",2594,0,7,5,5,6,4,6,4,1,5,6,5,7,7,68,43.73,50,7,3400,2500,FALSE
"44",2827,0,7,6,3,6,2,6,7,6,7,5,6,6,7,74,44.74,50,5,3700,2500,FALSE
"45",2554,0,5,6,6,6,5,6,4,7,6,1,5,5,6,68,45.11,72,6,4896,5184,FALSE
"46",381,0,6,3,1,1,4,5,4,6,6,4,4,4,3,51,45.23,40,5,2040,1600,FALSE
"47",3709,0,6,6,5,7,7,7,6,7,6,7,7,7,6,84,45.3,40,7,3360,1600,FALSE
"49",2880,0,5,6,6,5,5,6,6,5,6,5,6,4,5,70,45.78,50,7,3500,2500,FALSE
"51",3316,0,6,7,3,2,5,4,6,6,3,1,5,3,2,53,47.26,12,6,636,144,FALSE
"53",2581,0,7,7,7,7,7,7,7,7,7,7,7,7,7,91,47.37,60,7,5460,3600,TRUE
"55",3339,0,7,5,7,7,5,7,7,3,1,7,4,5,7,72,48.11,24,7,1728,576,FALSE
"56",3407,0,7,7,6,5,6,7,3,2,5,6,5,7,7,73,48.91,72,5,5256,5184,FALSE
"57",2845,0,6,6,7,6,6,5,7,5,7,7,7,6,7,82,49.06,24,5,1968,576,FALSE
"58",3401,0,2,2,3,3,4,3,2,3,4,2,7,7,2,44,50.62,60,7,2640,3600,FALSE
"59",3350,0,7,6,1,6,5,2,3,2,5,1,7,7,5,57,50.82,12,7,684,144,FALSE
"61",3179,0,5,4,3,2,5,7,5,5,2,4,4,3,5,54,50.99,50,5,2700,2500,FALSE
"62",3473,0,6,6,4,6,3,2,4,7,6,2,2,2,7,57,51.73,40,7,2280,1600,FALSE
"63",3674,0,4,4,2,3,7,5,3,4,2,4,5,5,4,52,51.88,60,7,3120,3600,FALSE
"64",2500,0,6,4,6,4,3,2,2,4,4,2,5,4,3,49,51.96,72,6,3528,5184,FALSE
"66",493,0,7,6,6,5,3,4,5,3,5,2,7,7,7,67,52.13,24,7,1608,576,FALSE
"67",2505,0,6,6,2,2,1,6,4,4,5,2,7,5,2,52,52.17,24,5,1248,576,FALSE
"68",3121,0,5,4,5,4,4,5,4,5,4,5,4,5,4,58,52.26,60,4,3480,3600,FALSE
"69",1510,0,7,6,2,1,1,5,5,6,1,1,6,5,5,51,52.34,60,6,3060,3600,FALSE
"70",348,0,6,7,5,5,3,6,6,4,6,4,3,3,7,65,52.81,72,7,4680,5184,FALSE
"71",390,0,6,7,6,5,6,4,7,6,6,5,6,4,6,74,53.97,72,7,5328,5184,FALSE
"72",3764,0,6,6,2,2,3,5,5,3,6,3,6,6,6,59,54.1,72,5,4248,5184,FALSE
"73",3568,0,7,7,6,7,5,7,4,3,2,3,7,7,7,72,54.18,12,7,864,144,FALSE
"74",852,0,4,4,4,5,4,4,3,3,4,4,4,4,4,51,54.36,24,6,1224,576,FALSE
"75",2461,0,7,7,5,2,1,2,7,4,7,3,7,7,6,65,54.51,50,6,3250,2500,FALSE
"76",554,0,6,3,4,2,2,6,3,6,6,5,6,5,7,61,56.54,50,7,3050,2500,FALSE
"77",3818,0,5,6,4,7,2,6,7,7,7,5,6,4,6,72,56.95,40,5,2880,1600,FALSE
"78",3451,0,1,7,1,7,1,1,1,1,1,1,7,7,7,43,56.97,50,7,2150,2500,FALSE
"79",3185,0,3,1,1,1,2,6,6,7,3,3,5,3,3,44,57.13,50,6,2200,2500,FALSE
"80",495,0,7,5,6,6,5,5,6,6,2,2,5,2,6,63,58.11,24,6,1512,576,FALSE
"81",2410,0,5,6,3,3,5,5,2,5,6,2,6,6,5,59,58.19,72,6,4248,5184,FALSE
"82",3845,0,6,2,1,1,7,3,6,1,7,6,6,6,1,53,58.24,24,7,1272,576,FALSE
"84",2763,0,6,6,5,5,3,6,6,2,4,4,5,4,3,59,58.63,72,7,4248,5184,FALSE
"85",2590,0,5,5,3,4,5,5,5,5,4,5,4,5,6,61,58.9,40,5,2440,1600,FALSE
"86",1226,0,7,4,6,5,1,5,7,6,7,3,6,6,7,70,59.94,12,6,840,144,FALSE
"88",2563,0,5,5,7,7,5,3,4,5,5,7,4,3,7,67,60.7,50,5,3350,2500,FALSE
"89",3634,0,7,6,7,7,6,1,1,1,7,1,7,7,7,65,60.72,50,7,3250,2500,FALSE
"90",3633,0,4,6,2,2,5,6,6,7,2,3,5,5,7,60,60.94,60,6,3600,3600,FALSE
"91",2602,0,5,6,3,5,4,3,1,5,5,2,6,6,6,57,61.62,12,5,684,144,FALSE
"92",3887,0,6,6,5,5,6,2,4,6,5,7,7,7,4,70,61.76,40,6,2800,1600,FALSE
"93",3191,0,6,4,5,6,7,5,2,7,2,2,5,5,3,59,62.45,72,7,4248,5184,FALSE
"94",2951,0,6,2,2,5,3,1,6,6,7,2,6,5,7,58,62.62,12,7,696,144,FALSE
"95",3442,0,6,5,6,3,6,4,6,3,6,5,4,2,2,58,62.74,40,6,2320,1600,FALSE
"96",3389,0,7,6,6,3,1,7,7,3,6,2,3,2,4,57,62.81,60,6,3420,3600,FALSE
"97",3736,0,7,2,3,2,1,7,6,7,6,5,4,2,5,57,63.16,24,7,1368,576,FALSE
"98",2862,0,6,5,6,6,3,6,3,2,2,2,7,6,6,60,63.23,50,7,3000,2500,FALSE
"99",3556,0,6,5,3,5,2,5,5,6,2,6,6,4,3,58,63.36,24,6,1392,576,FALSE
"100",3228,0,5,6,3,2,2,2,5,5,5,1,6,2,2,46,63.44,72,6,3312,5184,FALSE
"101",2444,0,6,7,5,1,1,1,1,1,5,1,6,5,1,41,63.5,40,7,1640,1600,FALSE
"102",3184,0,5,6,2,2,1,7,6,3,2,2,4,4,5,49,63.87,50,4,2450,2500,FALSE
"103",2603,0,7,4,1,1,1,7,7,5,1,7,7,7,7,62,64.01,40,7,2480,1600,FALSE
"104",2857,0,7,7,1,1,1,1,1,1,1,1,5,2,1,30,64.02,60,7,1800,3600,FALSE
"105",3180,0,6,5,6,6,4,5,5,4,6,6,6,5,6,70,64.13,12,6,840,144,FALSE
"106",3233,0,2,5,1,1,1,5,2,4,2,3,5,4,3,38,64.34,40,4,1520,1600,FALSE
"107",2817,0,6,6,1,5,6,7,6,7,6,7,6,6,5,74,64.45,40,6,2960,1600,FALSE
"108",3292,0,7,7,7,7,7,7,7,7,7,2,7,7,5,84,64.62,60,7,5040,3600,FALSE
"109",3521,0,7,7,5,7,3,7,5,7,6,6,5,6,6,77,64.68,50,7,3850,2500,FALSE
"110",3593,0,6,4,6,5,2,6,6,5,3,4,5,3,5,60,64.8,24,4,1440,576,FALSE
"111",2751,0,6,4,7,7,5,5,5,4,3,7,6,4,7,70,64.99,60,7,4200,3600,FALSE
"113",3549,0,6,5,6,6,5,2,5,6,7,3,7,2,6,66,65.63,50,5,3300,2500,FALSE
"114",2676,0,5,7,7,7,4,6,5,4,5,2,5,3,7,67,65.82,60,4,4020,3600,FALSE
"115",2692,0,6,5,4,7,1,2,6,5,1,4,7,6,3,57,66.08,50,6,2850,2500,FALSE
"116",3186,0,2,2,3,3,1,4,2,4,2,2,2,2,3,32,66.14,12,6,384,144,FALSE
"117",2943,0,5,3,1,1,1,6,6,7,1,1,7,2,7,48,66.62,60,7,2880,3600,FALSE
"118",1759,0,7,5,5,6,5,5,5,5,4,5,4,7,4,67,67,12,4,804,144,FALSE
"119",438,0,5,7,2,2,3,7,6,6,3,6,5,2,5,59,67.38,24,6,1416,576,FALSE
"120",695,0,2,4,5,5,3,6,2,5,4,6,3,1,6,52,67.57,12,5,624,144,FALSE
"122",3334,0,5,2,2,5,5,6,6,6,7,2,6,6,6,64,67.92,60,5,3840,3600,FALSE
"123",3676,0,6,4,3,6,4,2,2,5,1,3,5,3,7,51,68.24,40,6,2040,1600,FALSE
"124",2454,0,7,6,2,2,7,5,2,5,2,1,6,4,6,55,68.39,72,5,3960,5184,FALSE
"125",3817,0,5,3,5,6,5,3,3,6,1,2,4,3,6,52,68.5,12,6,624,144,FALSE
"126",2450,0,7,5,1,2,6,6,6,7,7,6,7,5,6,71,68.55,50,6,3550,2500,FALSE
"127",3384,0,6,5,7,5,7,2,3,5,5,2,6,7,4,64,68.57,60,7,3840,3600,FALSE
"129",3330,0,7,3,7,7,1,7,5,3,1,4,7,7,7,66,68.74,12,7,792,144,FALSE
"130",2864,0,5,4,7,7,5,2,2,2,5,2,7,7,2,57,69.13,40,5,2280,1600,FALSE
"131",528,0,7,3,1,2,2,6,2,3,4,7,5,6,6,54,69.4,40,7,2160,1600,FALSE
"132",3827,0,6,5,6,5,5,5,5,6,6,6,6,6,6,73,69.43,24,4,1752,576,FALSE
"133",1945,0,6,6,6,6,2,6,6,6,6,5,6,6,6,73,69.63,40,5,2920,1600,FALSE
"134",1749,0,6,6,6,5,4,6,6,7,5,1,7,6,7,72,70.27,50,5,3600,2500,FALSE
"135",3376,0,5,6,2,6,6,3,5,6,4,1,1,1,6,52,70.34,72,5,3744,5184,FALSE
"136",3387,0,7,5,1,1,1,1,4,1,7,1,7,6,7,49,70.48,72,7,3528,5184,FALSE
"137",2791,0,6,7,2,4,6,5,5,7,2,6,6,5,7,68,70.95,50,7,3400,2500,FALSE
"138",2493,0,6,5,5,4,6,5,6,6,6,7,5,6,7,74,71.18,72,4,5328,5184,FALSE
"139",2883,0,6,3,7,6,4,3,6,7,6,2,6,5,3,64,71.34,24,7,1536,576,FALSE
"140",2514,0,6,5,7,2,3,1,4,1,5,2,7,5,3,51,71.5,50,7,2550,2500,FALSE
"141",3394,0,5,6,7,4,4,7,6,5,7,5,6,5,5,72,71.54,12,7,864,144,FALSE
"142",3142,0,6,7,5,4,4,2,2,7,6,1,6,5,6,61,71.56,40,7,2440,1600,FALSE
"144",828,0,6,2,6,1,1,1,6,1,1,7,6,3,1,42,72.02,24,7,1008,576,FALSE
"145",3797,0,7,7,7,6,7,7,7,7,7,6,6,5,7,86,72.52,72,7,6192,5184,FALSE
"146",2691,0,7,7,2,1,6,6,7,7,7,7,5,5,7,74,72.75,24,6,1776,576,FALSE
"148",3486,0,7,6,1,6,5,1,6,7,1,2,7,7,7,63,73.22,24,7,1512,576,FALSE
"149",2755,0,7,2,1,1,3,4,7,6,3,2,6,5,5,52,73.41,40,7,2080,1600,FALSE
"151",3730,0,2,5,3,7,1,6,6,6,6,2,4,5,5,58,74.32,50,6,2900,2500,FALSE
"152",2869,0,3,5,2,2,1,6,6,6,1,7,7,6,7,59,74.33,50,5,2950,2500,FALSE
"153",417,0,7,7,6,6,7,5,4,6,6,6,7,7,6,80,74.76,50,7,4000,2500,FALSE
"155",3554,0,5,2,2,2,3,1,2,1,1,1,6,4,3,33,75.69,50,7,1650,2500,FALSE
"156",357,0,6,5,2,2,3,6,2,4,2,1,6,5,4,48,75.73,12,6,576,144,FALSE
"159",3472,0,6,6,6,7,3,7,6,2,6,2,6,6,5,68,76.02,40,6,2720,1600,FALSE
"160",2463,0,6,3,7,7,5,4,1,5,2,6,5,5,6,62,76.13,72,6,4464,5184,FALSE
"161",3215,0,7,6,1,1,1,1,4,6,2,5,7,7,7,55,76.15,40,5,2200,1600,FALSE
"162",2543,0,4,7,2,2,7,1,1,1,4,7,7,6,5,54,76.66,12,7,648,144,FALSE
"163",3578,0,7,4,4,7,1,7,1,4,1,6,2,2,7,53,76.86,72,7,3816,5184,FALSE
"164",3383,0,5,3,5,4,6,6,6,2,4,5,6,5,6,63,76.98,40,7,2520,1600,FALSE
"165",1791,0,7,5,2,2,2,4,3,6,1,3,7,5,4,51,77.01,72,6,3672,5184,FALSE
"171",2686,0,4,2,2,1,3,5,5,4,6,1,7,6,4,50,77.51,12,6,600,144,FALSE
"172",2470,0,5,7,1,1,3,5,3,3,1,5,7,6,7,54,77.51,72,5,3888,5184,FALSE
"173",3028,0,6,7,1,1,1,7,1,7,7,4,7,4,3,56,77.66,60,7,3360,3600,FALSE
"174",3525,0,5,2,1,2,4,1,5,4,4,1,5,5,6,45,77.68,12,7,540,144,FALSE
"176",3363,0,7,3,4,2,5,2,2,2,2,6,7,7,4,53,78.04,40,6,2120,1600,FALSE
"177",982,0,7,7,7,7,7,1,1,1,6,1,7,7,7,66,78.2,50,7,3300,2500,FALSE
"178",3173,0,7,7,7,6,2,2,6,6,6,6,6,6,7,74,78.51,40,7,2960,1600,FALSE
"179",2501,0,4,2,1,3,4,3,5,6,1,1,6,4,3,43,78.73,12,5,516,144,FALSE
"180",3679,0,7,5,1,1,2,6,5,2,7,1,6,4,4,51,78.9,12,6,612,144,FALSE
"181",1030,0,7,6,4,4,7,1,1,1,6,1,7,7,4,56,78.97,12,7,672,144,FALSE
"182",3150,0,5,6,5,2,6,6,2,6,7,3,4,3,2,57,79.48,72,4,4104,5184,FALSE
"183",2964,0,4,7,6,2,2,4,4,5,3,1,5,6,7,56,79.5,12,5,672,144,FALSE
"184",1050,0,7,7,2,2,2,1,5,1,5,1,7,7,7,54,79.52,12,7,648,144,FALSE
"185",3420,0,2,3,2,2,2,2,2,2,4,2,3,1,3,30,79.57,40,4,1200,1600,FALSE
"186",2760,0,6,5,3,6,6,4,6,5,4,2,6,5,4,62,79.6,60,6,3720,3600,FALSE
"187",2541,0,6,3,1,1,1,5,3,7,7,1,7,5,3,50,79.7,50,5,2500,2500,FALSE
"188",2826,0,5,6,7,4,3,5,7,3,5,6,6,5,6,68,79.72,12,6,816,144,FALSE
"189",2548,0,2,2,2,2,2,2,2,4,7,5,7,7,5,49,79.87,40,6,1960,1600,FALSE
"190",2707,0,7,4,1,7,7,4,7,7,7,1,7,7,1,67,79.92,40,7,2680,1600,FALSE
"191",349,0,7,4,6,6,2,6,1,7,6,7,5,3,7,67,80.11,12,7,804,144,FALSE
"192",3721,0,5,7,5,1,3,1,5,2,1,3,6,7,7,53,80.18,60,6,3180,3600,FALSE
"193",2833,0,4,4,1,3,1,4,2,3,1,2,3,3,5,36,80.31,40,7,1440,1600,FALSE
"194",3046,0,6,5,5,2,2,4,2,6,5,2,5,5,2,51,80.91,72,5,3672,5184,FALSE
"196",3598,0,5,7,5,5,5,6,6,7,5,6,7,5,7,76,81.19,50,6,3800,2500,FALSE
"197",3270,0,7,5,6,4,2,4,5,5,7,5,4,4,6,64,81.22,60,6,3840,3600,FALSE
"198",3382,0,7,7,6,7,6,2,6,7,2,2,5,4,7,68,81.28,50,4,3400,2500,FALSE
"199",3048,0,6,7,4,2,2,7,4,6,6,5,6,6,6,67,81.79,50,7,3350,2500,FALSE
"201",3468,0,6,3,6,3,6,4,4,6,7,3,6,4,3,61,82.47,50,7,3050,2500,FALSE
"202",2426,0,5,6,6,7,2,2,6,3,5,1,5,4,6,58,82.62,40,6,2320,1600,FALSE
"203",3605,0,7,4,1,1,1,1,1,1,3,1,6,6,6,39,82.83,12,7,468,144,FALSE
"205",2874,0,5,2,3,2,1,1,3,2,5,1,3,3,3,34,83,40,7,1360,1600,FALSE
"207",3271,0,3,6,6,6,4,7,1,4,6,3,6,6,6,64,83.37,24,7,1536,576,FALSE
"208",2812,0,7,7,7,7,7,7,7,7,7,7,7,5,7,89,83.51,24,4,2136,576,FALSE
"209",2753,0,7,6,2,1,4,3,3,2,7,2,7,6,7,57,83.67,40,6,2280,1600,FALSE
"211",336,0,6,6,6,6,6,4,6,6,1,1,5,6,4,63,83.99,50,6,3150,2500,FALSE
"214",430,0,6,4,1,1,2,1,1,6,1,5,5,2,2,37,84.25,12,6,444,144,FALSE
"215",2503,0,7,5,1,6,5,7,7,7,5,1,7,7,6,71,85.19,72,6,5112,5184,FALSE
"216",1933,0,3,4,1,1,1,5,1,3,4,2,5,5,3,38,85.54,60,5,2280,3600,FALSE
"217",1606,0,7,7,7,4,4,5,3,6,3,3,7,6,7,69,85.57,60,7,4140,3600,FALSE
"220",2309,0,7,5,5,2,4,7,7,6,7,6,7,6,7,76,86.21,12,7,912,144,FALSE
"221",2709,0,6,2,4,5,1,4,6,6,6,2,7,6,7,62,86.4,60,7,3720,3600,FALSE
"222",1790,0,4,5,2,2,3,2,1,2,2,1,6,6,5,41,86.52,60,5,2460,3600,FALSE
"223",3269,0,5,6,3,2,5,5,7,2,7,2,5,6,6,61,86.77,40,7,2440,1600,FALSE
"224",3337,0,4,5,7,7,2,4,6,3,1,1,6,4,5,55,86.85,24,6,1320,576,FALSE
"225",3395,0,5,6,3,5,2,5,3,5,3,5,5,5,3,55,86.89,50,5,2750,2500,FALSE
"227",3830,0,4,1,2,5,3,2,6,3,1,7,7,7,2,50,86.98,72,6,3600,5184,FALSE
"228",3718,0,6,6,6,3,2,7,7,7,7,7,7,6,7,78,87.08,72,6,5616,5184,FALSE
"229",3351,0,6,6,6,2,6,7,7,5,7,3,6,6,7,74,87.1,12,6,888,144,FALSE
"232",2592,0,6,7,6,6,6,5,3,3,6,2,6,6,6,68,87.49,60,7,4080,3600,FALSE
"233",2589,0,4,6,1,7,4,6,4,2,7,1,5,4,1,52,87.52,24,7,1248,576,FALSE
"234",2526,0,4,4,2,1,2,2,6,2,1,2,4,2,2,34,87.53,50,5,1700,2500,FALSE
"235",3450,0,7,4,5,3,1,1,2,1,1,3,7,5,5,45,87.81,50,6,2250,2500,FALSE
"236",2356,0,6,4,5,6,6,4,6,6,6,3,7,6,5,70,88.36,60,5,4200,3600,FALSE
"238",1996,0,7,4,6,7,6,3,5,3,5,3,1,2,6,58,88.48,12,6,696,144,FALSE
"240",3283,0,6,7,2,1,7,4,2,7,1,7,6,7,7,64,88.9,72,7,4608,5184,FALSE
"241",373,0,6,7,3,4,3,7,7,7,5,7,7,6,2,71,89.46,12,7,852,144,FALSE
"242",2832,0,6,7,6,6,4,2,5,7,7,1,5,4,6,66,89.49,24,6,1584,576,FALSE
"243",2578,0,7,6,6,5,4,6,4,7,5,2,4,5,2,63,89.63,40,7,2520,1600,FALSE
"244",2562,0,7,7,7,6,2,2,5,5,7,6,7,7,6,74,89.63,50,6,3700,2500,FALSE
"245",3268,0,5,6,6,4,4,6,3,7,4,3,7,7,7,69,89.71,12,7,828,144,FALSE
"246",3879,0,7,5,1,1,3,1,1,5,1,1,5,6,1,38,89.97,40,7,1520,1600,FALSE
"247",2620,0,2,3,6,2,1,7,7,7,6,5,4,4,3,57,90.1,40,5,2280,1600,FALSE
"248",3637,0,7,7,7,2,6,6,4,7,5,2,3,2,7,65,90.17,50,7,3250,2500,FALSE
"249",3580,0,5,6,5,5,4,2,2,2,4,1,5,4,6,51,90.27,60,6,3060,3600,FALSE
"251",3757,0,6,2,4,1,2,7,5,6,2,2,4,3,6,50,91.01,24,6,1200,576,FALSE
"252",2509,0,6,7,6,1,4,5,7,6,2,7,6,6,7,70,91.15,40,7,2800,1600,FALSE
"255",356,0,6,6,5,4,5,2,1,3,1,1,2,2,6,44,91.42,24,6,1056,576,FALSE
"256",3218,0,6,2,1,1,2,3,2,2,5,5,6,6,7,48,91.52,50,6,2400,2500,FALSE
"257",3520,0,6,5,4,2,6,7,7,4,3,6,5,2,5,62,91.55,60,5,3720,3600,FALSE
"259",3551,0,6,6,1,1,1,7,6,6,4,2,7,6,5,58,91.74,40,7,2320,1600,FALSE
"261",3166,0,5,2,2,2,5,2,2,3,6,2,6,5,6,48,91.97,12,6,576,144,FALSE
"262",542,0,6,3,2,3,2,5,6,6,4,5,7,6,6,61,91.99,12,7,732,144,FALSE
"263",2560,0,6,7,6,6,3,5,6,7,6,2,6,6,3,69,92.04,72,5,4968,5184,FALSE
"264",2881,0,7,2,1,1,1,1,2,2,7,2,6,2,7,41,92.18,24,7,984,576,FALSE
"266",3612,0,5,5,5,4,1,4,4,4,4,4,5,6,5,56,92.41,12,6,672,144,FALSE
"267",2458,0,7,5,1,3,6,7,6,7,7,5,5,3,7,69,93.1,50,5,3450,2500,FALSE
"270",3570,0,7,3,3,3,3,6,2,2,5,5,5,1,6,51,93.59,40,5,2040,1600,FALSE
"271",3235,0,7,7,7,1,1,5,1,5,1,6,4,1,5,51,93.94,72,7,3672,5184,FALSE
"272",2840,0,6,5,3,2,3,6,5,6,5,2,6,6,6,61,94.29,40,5,2440,1600,FALSE
"274",1313,0,5,3,7,5,4,5,2,3,7,5,6,5,7,64,94.36,50,5,3200,2500,FALSE
"275",3592,0,5,5,4,4,5,6,7,7,3,4,4,4,7,65,94.44,50,5,3250,2500,FALSE
"276",3495,0,2,2,2,3,1,6,6,6,1,5,6,2,5,47,94.45,60,7,2820,3600,FALSE
"278",3469,0,4,2,4,4,3,6,3,6,5,6,5,4,2,54,94.85,12,5,648,144,FALSE
"279",3687,0,4,4,7,1,4,4,4,1,4,2,4,1,7,47,94.92,50,7,2350,2500,FALSE
"281",3713,0,5,6,6,6,5,3,4,5,3,3,5,5,5,61,95.02,12,7,732,144,FALSE
"282",2784,0,6,4,1,1,4,6,3,6,3,5,4,4,5,52,95.04,40,6,2080,1600,FALSE
"283",2605,0,6,3,2,5,2,6,7,5,7,5,5,4,7,64,95.11,60,5,3840,3600,FALSE
"284",3296,0,7,7,3,3,3,3,3,7,6,4,7,6,3,62,95.23,72,7,4464,5184,FALSE
"285",2970,0,5,5,4,3,2,3,4,5,4,2,5,5,5,52,95.28,24,5,1248,576,FALSE
"286",3272,0,7,5,6,6,2,5,5,7,4,3,7,5,6,68,95.34,12,6,816,144,FALSE
"287",3620,0,5,7,1,1,7,4,2,7,6,6,2,6,6,60,95.35,12,4,720,144,FALSE
"288",3503,0,3,3,6,6,6,6,7,5,7,7,3,2,7,68,95.78,72,7,4896,5184,FALSE
"290",3530,0,6,7,5,6,5,4,6,5,5,5,6,6,5,71,96.17,40,6,2840,1600,FALSE
"291",2102,0,3,5,3,2,6,3,4,3,3,2,6,2,5,47,96.84,72,6,3384,5184,FALSE
"292",3658,0,6,6,2,5,1,6,3,7,2,1,4,5,7,55,97.01,72,6,3960,5184,FALSE
"293",3675,0,4,7,7,7,3,7,3,7,6,1,7,7,2,68,97.13,50,5,3400,2500,FALSE
"294",2818,0,6,6,2,1,2,2,1,6,4,1,6,6,5,48,97.15,60,7,2880,3600,FALSE
"297",2580,0,4,3,3,2,1,2,1,5,2,1,4,5,5,38,97.48,24,6,912,576,FALSE
"298",3423,0,3,2,6,5,2,6,2,6,2,2,6,3,4,49,97.84,40,6,1960,1600,FALSE
"299",3266,0,5,3,3,3,6,6,3,3,6,5,6,4,4,57,97.86,60,6,3420,3600,FALSE
"300",3301,0,6,4,7,3,2,1,1,7,1,1,5,6,5,49,97.87,60,7,2940,3600,FALSE
"302",2681,0,4,6,3,6,1,6,4,6,6,6,3,3,6,60,98.18,12,7,720,144,FALSE
"303",2443,0,2,5,2,1,2,1,5,3,6,1,7,7,3,45,98.28,50,7,2250,2500,FALSE
"304",811,0,5,5,6,6,4,5,6,4,6,4,4,4,7,66,98.29,12,6,792,144,FALSE
"305",354,0,7,5,5,2,1,7,3,7,1,2,4,3,7,54,98.42,60,7,3240,3600,FALSE
"308",2873,0,6,6,5,3,5,6,6,6,4,7,6,3,6,69,98.81,24,7,1656,576,FALSE
"309",2842,0,6,5,4,2,3,4,2,6,3,5,5,4,5,54,99.13,24,7,1296,576,FALSE
"310",1463,0,5,6,4,1,1,7,4,7,5,2,6,6,6,60,99.2,60,7,3600,3600,FALSE
"311",3239,0,3,5,4,2,2,7,6,5,2,4,4,4,6,54,99.22,72,7,3888,5184,FALSE
"312",2762,0,5,2,1,2,2,5,3,4,4,2,4,3,2,39,99.31,24,7,936,576,FALSE
"313",2387,0,7,5,7,1,4,7,7,7,7,1,7,7,4,71,99.36,50,7,3550,2500,FALSE
"315",2634,0,7,6,5,3,1,1,5,1,5,7,7,7,4,59,99.52,24,7,1416,576,FALSE
"316",3878,0,7,4,2,1,1,5,3,5,6,6,6,6,2,54,99.71,12,7,648,144,FALSE
"317",2863,0,7,7,1,1,1,6,6,4,5,3,7,6,7,61,99.9,24,7,1464,576,FALSE
"318",2780,0,6,7,4,2,2,7,6,3,6,7,6,4,6,66,100.5,12,7,792,144,FALSE
"319",2440,0,6,2,2,2,1,4,2,2,1,3,6,4,1,36,100.67,60,7,2160,3600,FALSE
"320",3851,0,5,7,1,2,1,3,1,7,3,1,6,6,7,50,100.84,40,7,2000,1600,FALSE
"321",3602,0,5,6,6,6,4,5,5,6,5,5,5,5,6,69,100.84,72,2,4968,5184,FALSE
"322",3523,0,5,7,7,7,2,7,6,7,6,7,6,7,3,77,100.96,60,6,4620,3600,FALSE
"323",3615,0,5,5,7,5,4,7,6,7,4,7,7,2,7,73,101.23,12,7,876,144,FALSE
"324",1712,0,6,2,7,6,5,6,2,7,5,6,6,4,5,67,101.29,40,6,2680,1600,FALSE
"326",2477,0,6,6,4,4,2,6,4,6,3,3,6,5,2,57,101.66,50,7,2850,2500,FALSE
"327",2637,0,7,5,7,5,2,2,2,4,4,2,5,5,4,54,101.93,60,6,3240,3600,FALSE
"328",2891,0,5,5,3,4,3,3,4,3,5,4,3,3,6,51,101.99,72,4,3672,5184,FALSE
"329",3145,0,5,6,2,4,2,5,2,2,2,5,6,6,6,53,102.13,12,7,636,144,FALSE
"330",3667,0,7,7,4,4,7,3,7,4,4,4,7,7,5,70,102.21,72,7,5040,5184,FALSE
"331",3467,0,6,4,5,7,2,7,6,3,6,5,5,1,7,64,102.26,24,6,1536,576,FALSE
"332",1483,0,6,6,4,7,1,6,6,4,7,4,3,3,3,60,102.51,60,4,3600,3600,FALSE
"333",2393,0,4,4,5,4,4,4,4,4,4,5,4,4,4,54,102.56,24,7,1296,576,FALSE
"334",3619,0,7,6,1,1,6,7,5,7,1,3,7,6,7,64,102.67,24,6,1536,576,FALSE
"336",3835,0,3,6,1,1,2,1,1,5,2,2,5,5,5,39,103.14,50,7,1950,2500,FALSE
"337",3881,0,5,2,7,6,4,1,7,7,1,2,7,6,2,57,103.21,12,5,684,144,FALSE
"338",3402,0,6,7,4,2,6,5,1,2,3,2,3,2,2,45,103.33,12,6,540,144,FALSE
"340",2497,0,6,6,7,6,5,6,3,4,4,5,6,6,6,70,103.58,50,5,3500,2500,FALSE
"341",592,0,7,6,7,7,3,5,5,7,3,1,4,5,4,64,103.69,50,7,3200,2500,FALSE
"342",2774,0,6,6,6,2,2,4,2,6,6,2,6,5,5,58,103.9,40,6,2320,1600,FALSE
"343",1036,0,7,4,2,2,1,1,3,3,6,4,6,4,6,49,103.95,50,7,2450,2500,FALSE
"344",2781,0,5,4,3,6,3,7,6,6,3,2,5,3,2,55,104.5,72,7,3960,5184,FALSE
"345",3207,0,6,3,5,2,1,1,6,4,3,4,6,6,2,49,104.58,24,5,1176,576,FALSE
"346",3613,0,5,5,2,2,2,6,3,7,2,7,7,3,7,58,104.75,60,6,3480,3600,FALSE
"347",3699,0,2,3,3,3,6,1,2,2,5,1,6,3,4,41,104.96,60,6,2460,3600,FALSE
"348",3731,0,7,7,6,1,7,7,5,5,1,7,7,6,7,73,105,40,7,2920,1600,FALSE
"349",3816,0,7,6,7,7,7,7,7,7,5,7,6,6,5,84,105.03,12,7,1008,144,FALSE
"350",3579,0,5,6,6,4,5,3,3,4,3,2,4,4,5,54,105.21,72,7,3888,5184,FALSE
"351",3606,0,7,7,5,3,2,7,5,7,5,7,5,4,6,70,105.32,12,6,840,144,FALSE
"352",2830,0,5,4,5,5,3,4,3,5,5,3,5,4,5,56,105.35,50,5,2800,2500,FALSE
"355",2828,0,7,7,7,7,1,1,7,7,7,1,7,7,7,73,105.59,24,7,1752,576,FALSE
"356",2285,0,5,5,3,6,5,4,5,7,6,5,5,4,5,65,105.62,12,6,780,144,FALSE
"357",3585,0,7,7,7,6,4,6,6,5,7,7,7,7,7,83,105.62,60,7,4980,3600,FALSE
"358",1505,0,7,6,7,7,4,7,7,7,7,1,7,2,7,76,105.68,50,4,3800,2500,FALSE
"359",3517,0,4,7,3,3,2,6,5,6,3,7,7,6,6,65,105.71,50,5,3250,2500,FALSE
"360",3438,0,5,3,3,1,1,7,5,6,2,3,3,3,7,49,106.04,72,6,3528,5184,FALSE
"361",2875,0,7,4,3,7,2,5,6,6,7,1,5,6,7,66,106.11,40,7,2640,1600,FALSE
"363",2569,0,6,5,1,1,1,2,3,7,1,5,7,7,6,52,106.42,72,7,3744,5184,FALSE
"364",3393,0,2,4,1,2,4,5,5,5,5,1,6,5,7,52,106.43,72,7,3744,5184,FALSE
"365",595,0,5,4,6,2,5,6,6,2,6,3,7,6,7,65,106.53,60,6,3900,3600,FALSE
"366",3386,0,3,2,3,5,1,6,3,6,6,1,6,3,4,49,106.53,24,6,1176,576,FALSE
"367",3378,0,5,3,7,7,3,1,3,7,4,7,1,1,7,56,106.65,24,3,1344,576,FALSE
"368",2570,0,3,2,2,6,2,2,2,2,3,2,6,6,5,43,106.66,72,7,3096,5184,FALSE
"369",825,0,5,3,5,4,5,6,6,4,5,6,6,6,6,67,106.9,72,6,4824,5184,FALSE
"370",439,0,5,7,1,1,4,2,1,4,2,4,4,3,2,40,107.62,72,4,2880,5184,FALSE
"371",3282,0,5,6,7,7,2,6,5,6,7,6,7,7,6,77,107.73,60,7,4620,3600,FALSE
"372",3428,0,6,6,7,5,3,7,2,7,2,6,6,7,6,70,107.81,50,4,3500,2500,FALSE
"374",1639,0,6,4,2,1,7,4,6,4,5,1,6,4,5,55,108.31,50,6,2750,2500,FALSE
"375",3526,0,6,3,3,2,1,4,2,2,5,3,6,4,2,43,108.7,60,7,2580,3600,FALSE
"376",3582,0,6,5,6,2,2,5,3,4,1,3,6,6,5,54,108.88,12,7,648,144,FALSE
"377",3429,0,7,3,4,1,5,6,2,1,2,2,7,7,2,49,108.95,12,7,588,144,FALSE
"378",2636,0,5,4,2,6,2,2,1,7,6,1,5,4,5,50,109.1,12,7,600,144,FALSE
"379",3729,0,3,4,7,6,4,7,5,3,4,3,2,2,3,53,109.15,72,7,3816,5184,FALSE
"380",3433,0,5,3,6,7,1,1,2,7,1,1,6,4,4,48,109.21,40,7,1920,1600,FALSE
"381",2747,0,5,7,7,5,1,7,7,7,1,7,5,3,7,69,109.28,60,5,4140,3600,FALSE
"382",3716,0,7,7,7,7,1,6,5,7,5,7,7,6,6,78,109.3,24,2,1872,576,FALSE
"383",3007,0,5,6,6,7,2,2,2,4,6,1,5,3,3,52,109.93,24,7,1248,576,FALSE
"384",3342,0,6,6,3,2,1,4,2,5,4,3,6,6,5,53,110.1,40,6,2120,1600,FALSE
"385",2847,0,5,4,1,7,1,5,5,7,2,4,6,5,5,57,110.13,40,7,2280,1600,FALSE
"386",2279,0,5,6,5,6,5,2,5,6,5,2,6,5,7,65,110.43,12,5,780,144,FALSE
"387",2482,0,6,7,2,1,2,7,3,3,2,5,5,2,4,49,110.5,60,6,2940,3600,FALSE
"388",2661,0,6,4,3,4,5,2,2,3,6,2,6,6,7,56,110.71,24,7,1344,576,FALSE
"390",676,0,5,2,3,7,1,5,1,2,1,1,5,4,7,44,110.95,50,6,2200,2500,FALSE
"391",3188,0,5,3,4,2,3,3,2,2,4,3,5,3,3,42,110.97,72,7,3024,5184,FALSE
"393",1677,0,7,4,5,3,2,1,5,2,2,3,6,6,4,50,111.14,40,6,2000,1600,FALSE
"394",3360,0,5,3,2,2,1,3,3,6,5,3,6,5,5,49,111.28,72,6,3528,5184,FALSE
"395",2776,0,7,6,6,2,3,7,6,6,2,6,6,3,5,65,111.43,50,7,3250,2500,FALSE
"396",3712,0,6,7,2,2,1,4,1,2,2,1,7,6,6,47,111.71,24,7,1128,576,FALSE
"397",3514,0,2,3,1,2,5,3,1,1,3,6,6,4,7,44,111.85,24,7,1056,576,FALSE
"398",2834,0,6,2,3,3,1,4,3,4,5,3,6,6,2,48,112.22,72,6,3456,5184,FALSE
"399",2851,0,5,6,6,6,6,3,4,3,5,1,6,4,2,57,112.26,12,7,684,144,FALSE
"400",2523,0,5,6,5,6,5,4,2,5,6,2,6,5,5,62,112.37,60,6,3720,3600,FALSE
"401",3635,0,7,7,4,4,4,4,4,6,1,4,4,4,6,59,112.39,72,7,4248,5184,FALSE
"403",3253,0,5,6,1,1,5,2,1,2,5,1,5,5,1,40,112.59,50,7,2000,2500,FALSE
"404",648,0,3,3,7,2,3,4,4,5,2,1,3,1,3,41,113.44,72,7,2952,5184,FALSE
"405",2522,0,6,6,6,3,2,6,2,5,7,6,6,6,7,68,113.75,12,6,816,144,FALSE
"406",3711,0,6,5,2,2,5,7,7,5,5,7,7,5,7,70,113.84,12,5,840,144,FALSE
"407",874,0,5,4,1,1,2,1,2,1,4,1,5,3,6,36,113.85,50,5,1800,2500,FALSE
"408",3197,0,4,4,2,6,2,5,4,4,3,6,5,4,5,54,113.94,24,6,1296,576,FALSE
"409",3454,0,6,6,7,6,7,3,2,5,3,5,7,5,6,68,114.39,40,6,2720,1600,FALSE
"410",3560,0,6,4,3,3,5,6,6,5,6,2,4,4,3,57,114.79,12,4,684,144,FALSE
"411",2246,0,3,7,2,3,1,7,7,5,6,1,4,2,7,55,114.87,40,7,2200,1600,FALSE
"412",3365,0,6,7,2,1,1,7,1,5,4,1,7,7,4,53,115.04,50,6,2650,2500,FALSE
"413",2838,0,7,5,3,4,2,4,2,6,5,4,7,6,5,60,115.73,50,5,3000,2500,FALSE
"414",3670,0,7,6,6,5,1,2,7,2,7,7,1,1,1,53,115.76,72,7,3816,5184,FALSE
"415",2485,0,7,7,2,1,1,1,1,1,2,2,7,3,6,41,115.77,40,6,1640,1600,FALSE
"416",2508,0,5,3,2,5,5,3,6,3,2,5,7,6,5,57,115.94,40,7,2280,1600,FALSE
"417",3065,0,6,4,5,6,4,7,7,7,6,6,7,5,7,77,115.95,12,5,924,144,FALSE
"418",3431,0,7,6,4,6,6,5,6,2,2,6,6,3,2,61,116.36,12,6,732,144,FALSE
"419",2572,0,4,7,1,1,3,6,2,3,1,1,7,4,2,42,116.36,12,5,504,144,FALSE
"420",1701,0,6,7,3,4,6,2,2,5,5,2,6,6,6,60,116.41,50,7,3000,2500,FALSE
"421",460,0,2,3,6,1,5,7,3,7,5,6,6,6,7,64,116.56,24,6,1536,576,FALSE
"422",3331,0,3,2,1,1,1,3,2,2,6,6,2,2,2,33,116.71,72,6,2376,5184,FALSE
"423",2705,0,6,5,7,7,6,7,4,2,4,2,6,5,5,66,116.87,50,7,3300,2500,FALSE
"424",2788,0,6,6,3,2,2,6,2,2,1,1,7,6,2,46,117.03,12,7,552,144,FALSE
"427",2442,0,6,7,5,5,4,4,2,1,4,2,7,5,6,58,117.66,60,7,3480,3600,FALSE
"428",2611,0,6,6,5,5,2,2,3,3,6,2,5,5,4,54,117.75,50,6,2700,2500,FALSE
"429",3621,0,6,3,2,3,1,6,5,6,7,2,2,1,7,51,117.88,72,7,3672,5184,FALSE
"430",3763,0,5,6,6,7,1,4,5,7,1,2,5,5,5,59,118.18,50,7,2950,2500,FALSE
"431",3178,0,5,5,2,2,3,5,3,4,3,4,4,3,6,49,118.37,60,5,2940,3600,FALSE
"432",2789,0,6,5,3,1,4,4,5,6,4,3,6,3,3,53,118.5,50,5,2650,2500,FALSE
"433",3332,0,6,6,3,1,2,2,7,6,6,6,7,5,6,63,118.77,24,6,1512,576,FALSE
"434",1120,0,6,6,6,6,4,2,2,3,4,5,6,7,4,61,118.85,50,6,3050,2500,FALSE
"435",2534,0,6,5,3,3,4,5,5,5,5,1,6,6,6,60,118.99,60,6,3600,3600,FALSE
"438",3722,0,3,5,7,5,2,4,7,7,3,3,4,3,3,56,119.5,12,3,672,144,FALSE
"439",3422,0,5,6,4,1,1,4,2,4,1,7,4,4,5,48,119.5,60,4,2880,3600,FALSE
"440",839,0,5,5,7,7,3,5,4,6,4,3,4,4,4,61,119.62,24,7,1464,576,FALSE
"441",631,0,7,7,7,7,4,6,7,7,5,7,7,7,7,85,119.89,72,6,6120,5184,FALSE
"442",3485,0,7,4,1,1,5,5,2,4,6,1,7,7,3,53,119.97,60,7,3180,3600,FALSE
"443",3719,0,7,6,3,5,6,1,4,3,5,1,5,6,6,58,120.49,50,7,2900,2500,FALSE
"444",3311,0,5,7,5,4,2,6,2,2,4,4,5,5,7,58,120.78,50,6,2900,2500,FALSE
"445",3564,0,6,7,7,2,3,6,6,4,2,4,7,7,7,68,121.43,40,7,2720,1600,FALSE
"446",3147,0,7,5,2,6,3,5,6,2,4,6,4,5,5,60,121.47,72,5,4320,5184,FALSE
"447",2933,0,7,6,7,5,2,2,2,3,6,1,7,7,6,61,121.51,40,7,2440,1600,FALSE
"449",3062,0,6,5,1,1,1,6,4,2,1,5,6,6,1,45,121.89,60,7,2700,3600,FALSE
"450",2484,0,6,4,5,7,1,3,1,4,2,7,7,4,3,54,122.32,40,6,2160,1600,FALSE
"451",2431,0,6,6,2,1,1,7,6,5,2,2,6,5,7,56,122.52,40,5,2240,1600,FALSE
"452",3258,0,5,6,6,2,1,6,5,7,2,6,6,6,7,65,122.63,50,5,3250,2500,FALSE
"453",3347,0,5,6,6,2,4,3,5,5,4,5,6,6,6,63,122.95,72,6,4536,5184,FALSE
"454",3575,0,6,6,6,4,2,3,4,6,5,5,5,5,5,62,123.01,60,6,3720,3600,FALSE
"456",3470,0,7,3,1,3,1,2,1,2,7,1,7,7,2,44,123.06,50,7,2200,2500,FALSE
"458",3741,0,6,7,4,4,6,2,1,1,1,5,6,5,7,55,123.38,12,7,660,144,FALSE
"459",2768,0,5,5,3,5,2,2,2,5,5,2,5,6,6,53,123.56,60,7,3180,3600,FALSE
"460",2599,0,6,3,3,2,1,5,1,7,1,5,6,3,6,49,123.85,60,6,2940,3600,FALSE
"461",3748,0,7,7,5,2,7,7,5,7,4,7,5,5,7,75,123.98,40,7,3000,1600,FALSE
"462",3002,0,7,2,1,5,2,3,7,6,7,6,7,6,6,65,124.12,40,6,2600,1600,FALSE
"463",2878,0,7,7,2,3,3,5,5,6,5,2,2,3,7,57,124.35,72,7,4104,5184,FALSE
"464",2506,0,6,7,7,2,1,5,6,7,1,1,7,1,3,54,124.57,24,7,1296,576,FALSE
"465",3700,0,7,7,7,5,1,4,3,5,4,1,7,7,7,65,124.68,12,4,780,144,FALSE
"466",1390,0,7,7,4,1,1,2,2,4,1,1,7,4,7,48,125.2,12,7,576,144,FALSE
"467",2808,0,6,3,1,6,5,2,2,2,1,4,6,5,5,48,125.24,40,7,1920,1600,FALSE
"468",2764,0,5,2,1,1,1,1,1,2,2,7,6,7,1,37,125.46,50,7,1850,2500,FALSE
"469",334,0,4,5,5,6,4,7,3,7,2,5,6,4,4,62,125.5,60,6,3720,3600,FALSE
"470",2490,0,6,3,2,2,6,3,3,5,5,5,5,4,3,52,125.6,72,6,3744,5184,FALSE
"471",2459,0,5,2,1,2,3,5,2,5,3,2,5,3,6,44,125.9,72,6,3168,5184,FALSE
"472",3515,0,7,2,4,2,3,2,1,7,5,3,6,5,5,52,125.93,12,7,624,144,FALSE
"473",2451,0,6,4,5,2,1,1,1,4,3,1,6,5,6,45,126.2,72,7,3240,5184,FALSE
"474",3437,0,7,1,1,1,7,7,1,1,7,1,7,7,7,55,126.54,72,7,3960,5184,FALSE
"476",1024,0,5,7,4,5,1,3,7,5,4,2,5,5,5,58,126.94,60,5,3480,3600,FALSE
"477",3241,0,4,2,6,6,2,7,7,5,6,7,4,4,6,66,127.03,60,4,3960,3600,FALSE
"478",2665,0,7,5,2,2,2,3,2,2,4,2,7,6,6,50,127.68,50,7,2500,2500,FALSE
"479",3064,0,6,7,7,7,3,6,3,3,2,2,5,2,6,59,128.06,12,7,708,144,FALSE
"480",3669,0,6,2,7,7,3,1,2,3,1,1,7,6,5,51,128.67,72,7,3672,5184,FALSE
"481",3657,0,7,7,1,6,1,4,3,5,1,7,4,4,7,57,128.71,12,5,684,144,FALSE
"482",3392,0,7,7,7,6,7,1,3,1,3,1,7,7,6,63,128.92,60,7,3780,3600,FALSE
"484",2831,0,6,4,2,1,4,4,2,3,2,4,6,2,4,44,129.33,72,7,3168,5184,FALSE
"487",3297,0,5,5,2,3,4,3,5,6,4,3,6,5,4,55,129.83,72,6,3960,5184,FALSE
"488",3542,0,3,6,5,4,2,5,6,2,7,3,5,3,7,58,130.13,72,7,4176,5184,FALSE
"489",3789,0,4,4,6,3,1,2,1,3,4,4,4,4,2,42,130.42,72,6,3024,5184,FALSE
"491",3673,0,6,4,6,6,2,6,6,6,4,6,5,5,5,67,130.79,12,7,804,144,FALSE
"492",2643,0,7,1,1,1,3,5,2,2,6,3,7,5,3,46,130.94,24,6,1104,576,FALSE
"493",3544,0,2,5,3,5,1,1,1,1,1,2,5,4,5,36,131.41,12,6,432,144,FALSE
"495",3265,0,4,6,5,3,4,5,3,3,4,1,6,4,4,52,131.66,12,7,624,144,FALSE
"496",3295,0,7,4,4,1,6,7,7,6,7,7,7,6,6,75,131.88,72,6,5400,5184,FALSE
"497",2759,0,6,2,2,4,5,6,5,6,6,2,7,5,7,63,132.35,24,7,1512,576,FALSE
"498",3701,0,6,4,3,4,3,7,5,7,5,2,4,1,2,53,132.39,72,7,3816,5184,FALSE
"499",3164,0,3,5,2,5,2,4,2,3,1,2,6,4,4,43,132.4,24,5,1032,576,FALSE
"500",2790,0,4,5,2,1,2,2,4,2,5,2,7,5,4,45,132.89,24,5,1080,576,FALSE
"501",3622,0,5,5,6,4,4,7,6,7,7,7,6,5,5,74,133.66,40,7,2960,1600,FALSE
"502",3466,0,6,7,5,1,2,5,2,7,4,6,7,5,5,62,133.73,24,7,1488,576,FALSE
"503",3697,0,6,7,5,4,6,3,7,2,2,2,6,5,7,62,134.55,24,5,1488,576,FALSE
"504",3447,0,6,5,5,5,5,5,5,7,5,6,6,6,6,72,134.89,24,7,1728,576,FALSE
"505",3225,0,1,6,2,2,2,2,2,1,1,1,6,4,7,37,135.2,40,7,1480,1600,FALSE
"506",3183,0,6,4,6,2,1,6,3,4,7,4,7,7,5,62,136.02,40,6,2480,1600,FALSE
"507",3819,0,7,5,2,3,5,1,5,6,2,2,1,1,4,44,136.12,40,7,1760,1600,FALSE
"508",3534,0,6,7,5,4,2,5,1,6,3,5,6,5,5,60,136.14,24,7,1440,576,FALSE
"509",2853,0,7,7,7,3,2,5,3,2,3,2,6,5,7,59,136.27,60,7,3540,3600,FALSE
"510",2767,0,6,7,4,1,1,7,1,6,1,1,1,1,7,44,136.66,40,7,1760,1600,FALSE
"511",3231,0,4,6,5,3,1,6,3,2,2,2,5,2,1,42,137.54,50,7,2100,2500,FALSE
"513",2645,0,7,7,6,6,3,3,5,4,4,4,5,3,6,63,137.98,12,7,756,144,FALSE
"514",1010,0,6,2,6,7,2,1,1,2,3,1,7,7,2,47,138.73,12,7,564,144,FALSE
"515",2616,0,2,4,6,2,3,3,3,6,1,2,2,5,4,43,138.79,24,6,1032,576,FALSE
"517",3639,0,6,3,2,3,4,5,3,5,3,6,5,3,5,53,138.94,40,5,2120,1600,FALSE
"518",3683,0,7,7,1,7,7,1,1,1,1,1,7,7,7,55,139.43,60,7,3300,3600,FALSE
"519",3456,0,6,6,6,7,2,5,1,6,4,1,7,4,6,61,139.45,72,6,4392,5184,FALSE
"520",2456,0,7,7,1,1,1,7,4,7,1,4,7,7,7,61,139.66,60,4,3660,3600,FALSE
"521",1603,0,5,6,3,4,7,7,7,6,6,6,5,5,6,73,139.95,72,6,5256,5184,FALSE
"522",2848,0,7,3,4,3,4,1,5,6,2,6,3,2,7,53,140.18,60,7,3180,3600,FALSE
"523",3834,0,5,5,6,6,4,4,5,4,3,5,6,5,5,63,140.67,40,6,2520,1600,FALSE
"525",3573,0,4,4,5,6,5,3,2,4,2,2,6,4,5,52,140.74,12,5,624,144,FALSE
"527",3122,0,6,4,4,1,1,2,1,1,2,1,7,2,4,36,140.87,12,7,432,144,FALSE
"528",2931,0,6,4,6,2,2,4,2,5,4,2,5,4,6,52,140.89,40,6,2080,1600,FALSE
"529",3756,0,6,7,2,6,5,6,2,4,2,3,5,5,7,60,141.98,40,7,2400,1600,FALSE
"530",2821,0,2,3,1,1,5,2,2,7,2,2,5,3,3,38,142.06,24,7,912,576,FALSE
"531",3352,0,7,7,4,6,1,4,1,3,3,3,4,7,2,52,142.17,12,6,624,144,FALSE
"532",2950,0,7,7,6,6,6,3,3,7,6,2,6,5,7,71,142.48,12,7,852,144,FALSE
"533",2565,0,7,7,7,7,1,3,7,7,7,7,5,5,7,77,142.51,24,7,1848,576,FALSE
"534",2520,0,6,3,5,5,2,5,5,6,3,3,6,4,5,58,142.56,60,6,3480,3600,FALSE
"536",3636,0,4,1,7,2,2,2,2,1,1,2,4,3,6,37,143.61,60,6,2220,3600,FALSE
"537",1542,0,6,4,7,5,2,5,5,6,6,5,5,4,6,66,144.99,72,6,4752,5184,FALSE
"538",1937,0,6,6,3,3,5,3,2,1,6,4,5,5,3,52,145.32,60,4,3120,3600,FALSE
"539",3156,0,7,4,2,3,2,5,5,5,2,2,5,4,5,51,145.42,72,7,3672,5184,FALSE
"540",3509,0,7,3,1,1,1,3,2,2,4,6,5,5,3,43,145.51,60,7,2580,3600,FALSE
"541",2704,0,4,2,2,2,2,7,5,7,5,6,6,6,5,59,145.68,60,6,3540,3600,FALSE
"542",375,0,2,6,2,1,5,2,6,2,2,6,6,6,6,52,146.1,12,6,624,144,FALSE
"543",3684,0,7,7,7,6,7,3,4,3,4,1,6,6,7,68,147.79,12,7,816,144,FALSE
"545",2606,0,7,5,1,1,1,7,6,6,5,2,7,6,6,60,148.19,12,5,720,144,FALSE
"546",2518,0,6,4,4,2,1,2,3,1,3,6,5,3,4,44,148.2,40,7,1760,1600,FALSE
"547",3165,0,5,3,5,5,2,6,5,6,4,3,5,3,6,58,149.78,24,5,1392,576,FALSE
"548",2816,0,5,5,6,6,4,7,3,7,3,5,5,5,6,67,149.95,60,4,4020,3600,FALSE
"549",3053,0,6,5,5,4,2,5,5,6,5,3,5,5,5,61,150.31,24,5,1464,576,FALSE
"550",2607,0,7,4,7,6,2,4,5,5,2,5,4,4,4,59,150.73,60,5,3540,3600,FALSE
"551",441,0,4,7,1,3,3,4,1,1,1,1,5,4,1,36,150.75,12,7,432,144,FALSE
"552",3655,0,6,5,3,3,2,6,4,6,6,5,6,3,5,60,150.88,50,6,3000,2500,FALSE
"553",3444,0,6,6,7,6,4,7,7,6,5,6,7,7,7,81,152.01,40,6,3240,1600,FALSE
"554",3836,0,7,7,1,7,1,1,1,1,5,1,7,7,7,53,152.05,50,7,2650,2500,FALSE
"555",1819,0,6,6,3,3,4,2,2,5,5,1,6,6,5,54,152.31,50,6,2700,2500,FALSE
"556",2229,0,6,7,2,2,1,5,3,6,1,2,6,5,1,47,152.69,72,7,3384,5184,FALSE
"558",3262,0,6,3,3,5,3,4,2,5,2,2,6,6,2,49,152.93,12,7,588,144,FALSE
"559",3608,0,4,5,5,2,4,4,5,7,6,7,5,4,7,65,152.94,24,5,1560,576,FALSE
"560",2804,0,7,7,1,1,1,4,2,6,6,7,6,5,7,60,154.21,60,6,3600,3600,FALSE
"561",3841,0,5,2,7,3,5,3,5,3,7,3,2,1,7,53,154.8,60,7,3180,3600,FALSE
"563",789,0,6,3,2,1,2,4,6,6,6,6,6,6,5,59,155.03,24,6,1416,576,FALSE
"566",2553,0,7,5,6,7,6,6,6,7,3,7,5,3,7,75,157.24,12,4,900,144,FALSE
"567",2517,0,3,7,1,1,1,1,4,1,1,1,4,4,4,33,157.47,40,7,1320,1600,FALSE
"568",1252,0,6,3,2,2,3,1,2,5,3,1,6,4,2,40,157.75,72,6,2880,5184,FALSE
"569",2746,0,7,6,2,2,1,4,1,2,1,1,7,4,1,39,158.45,40,7,1560,1600,FALSE
"570",3545,0,7,3,7,4,6,7,6,6,6,5,6,5,7,75,158.57,72,5,5400,5184,FALSE
"571",3054,0,7,2,1,6,1,2,4,5,1,6,6,6,7,54,159.54,12,6,648,144,FALSE
"572",330,0,4,4,4,5,5,5,4,4,3,4,4,4,5,55,159.92,60,1,3300,3600,FALSE
"573",2724,0,5,4,1,1,2,4,1,1,1,1,4,4,2,31,160.39,50,7,1550,2500,FALSE
"574",2811,0,6,4,4,2,5,3,4,6,6,3,6,5,3,57,160.47,24,5,1368,576,FALSE
"575",3249,0,6,3,5,6,2,6,4,6,6,4,6,3,3,60,160.79,60,6,3600,3600,FALSE
"576",2797,0,7,4,2,2,2,2,1,1,2,5,7,4,5,44,160.87,40,5,1760,1600,FALSE
"577",2427,0,5,6,7,7,4,5,6,6,2,4,5,4,5,66,161.17,50,4,3300,2500,FALSE
"578",3855,0,7,7,1,7,1,1,1,7,4,1,4,4,4,49,161.81,60,7,2940,3600,FALSE
"579",2713,0,7,7,7,7,7,7,7,7,7,7,7,7,7,91,161.99,60,7,5460,3600,TRUE
"580",1770,0,5,6,2,1,2,2,3,5,5,1,6,3,5,46,163.62,50,7,2300,2500,FALSE
"581",3617,0,6,7,3,4,7,2,2,4,1,1,6,7,6,56,163.72,72,7,4032,5184,FALSE
"583",2773,0,6,7,1,2,2,7,2,6,2,2,5,2,2,46,165.11,72,6,3312,5184,FALSE
"584",3187,0,7,7,2,2,2,2,4,4,1,4,6,6,3,50,165.72,24,7,1200,576,FALSE
"586",2861,0,5,6,4,6,4,6,5,7,3,7,6,6,6,71,167.1,50,7,3550,2500,FALSE
"587",2893,0,7,7,4,1,1,7,1,7,1,1,7,3,7,54,167.37,60,4,3240,3600,FALSE
"588",2489,0,5,4,2,1,1,3,1,2,4,2,5,5,4,39,168.02,50,6,1950,2500,FALSE
"590",2953,0,4,5,3,5,5,2,5,3,4,1,5,3,7,52,168.51,40,6,2080,1600,FALSE
"591",3280,0,2,1,1,1,1,5,3,1,1,1,7,7,1,32,168.89,12,7,384,144,FALSE
"594",2494,0,6,4,5,3,3,2,2,2,4,1,5,4,5,46,170.53,50,6,2300,2500,FALSE
"595",2694,0,4,5,3,3,3,5,4,5,4,1,5,4,6,52,170.6,60,7,3120,3600,FALSE
"596",3853,0,3,2,7,6,7,1,1,1,4,1,7,7,5,52,170.85,40,7,2080,1600,FALSE
"598",3425,0,4,4,6,5,7,4,4,7,2,4,7,6,4,64,171.54,40,7,2560,1600,FALSE
"599",3243,0,5,6,1,2,1,4,5,7,6,1,6,3,6,53,171.9,72,7,3816,5184,FALSE
"600",3443,0,5,6,1,1,4,3,3,1,7,2,6,7,6,52,172.45,24,7,1248,576,FALSE
"601",3181,0,6,3,1,3,3,2,3,2,1,5,6,4,5,44,172.61,12,7,528,144,FALSE
"602",2785,0,7,7,4,5,1,7,7,1,7,7,7,4,7,71,173.22,50,7,3550,2500,FALSE
"603",3533,0,5,7,3,6,1,7,5,2,5,1,3,3,2,50,173.51,50,6,2500,2500,FALSE
"604",2457,0,6,2,2,1,1,5,5,7,5,3,5,1,5,48,173.76,72,6,3456,5184,FALSE
"605",2564,0,6,7,6,3,2,6,7,7,7,1,5,2,7,66,174.59,12,7,792,144,FALSE
"606",2680,0,6,5,5,2,2,5,2,7,1,3,6,5,1,50,175.41,40,7,2000,1600,FALSE
"607",2695,0,4,6,7,7,5,7,2,7,1,1,4,3,7,61,177.06,24,7,1464,576,FALSE
"608",3434,0,6,7,7,4,3,7,2,2,2,7,5,4,6,62,177.69,60,7,3720,3600,FALSE
"609",2283,0,6,5,6,6,6,6,6,4,6,5,6,6,6,74,178.39,12,6,888,144,FALSE
"610",2783,0,6,5,1,1,6,2,2,6,2,1,7,5,6,50,179.23,72,7,3600,5184,FALSE
"611",3375,0,7,7,1,3,5,5,3,3,1,1,3,5,7,51,179.26,12,7,612,144,FALSE
"612",3255,0,5,4,4,3,5,6,4,3,6,4,5,5,3,57,181.02,40,5,2280,1600,FALSE
"613",2819,0,5,5,3,3,3,6,5,6,3,3,7,6,4,59,181.75,40,6,2360,1600,FALSE
"614",2849,0,6,2,2,2,2,4,1,4,5,2,6,3,6,45,181.76,60,7,2700,3600,FALSE
"615",3677,0,4,7,1,4,1,1,1,1,1,1,7,1,7,37,183,60,7,2220,3600,FALSE
"617",3024,0,6,3,2,2,2,3,4,2,4,2,5,5,3,43,185.83,12,4,516,144,FALSE
"618",2855,0,6,5,1,1,1,5,2,2,3,1,7,6,5,45,186.18,12,6,540,144,FALSE
"619",3388,0,5,2,6,6,6,3,3,6,4,2,6,2,3,54,186.31,40,6,2160,1600,FALSE
"620",2448,0,6,2,1,1,3,2,1,5,2,2,6,3,6,40,186.67,12,6,480,144,FALSE
"621",3103,0,6,6,1,1,2,2,2,2,1,2,2,2,3,32,187.18,72,5,2304,5184,FALSE
"622",2540,0,5,6,3,2,5,5,3,6,3,5,4,4,6,57,188.3,40,6,2280,1600,FALSE
"623",2805,0,4,5,1,5,2,3,3,1,5,2,6,4,2,43,188.39,50,6,2150,2500,FALSE
"624",3131,0,6,7,7,7,1,1,1,4,7,1,7,1,3,53,188.52,72,7,3816,5184,FALSE
"625",3532,0,5,5,7,3,2,7,7,7,3,7,5,4,5,67,189.52,72,7,4824,5184,FALSE
"627",2000,0,5,5,2,2,3,5,6,4,6,6,4,3,6,57,190.81,60,7,3420,3600,FALSE
"628",3385,0,6,4,6,5,4,4,2,2,2,2,6,3,3,49,191.85,12,5,588,144,FALSE
"629",3016,0,5,5,3,3,2,3,5,6,6,5,6,5,5,59,192.43,50,6,2950,2500,FALSE
"630",3440,0,2,4,1,1,1,5,1,4,1,2,5,1,2,30,192.85,24,4,720,576,FALSE
"631",2786,0,5,1,1,2,1,4,3,2,3,3,5,4,2,36,194.32,12,7,432,144,FALSE
"632",2577,0,5,6,3,1,3,7,5,7,5,5,4,5,4,60,195.09,40,7,2400,1600,FALSE
"634",3286,0,6,5,2,1,5,4,6,5,1,5,7,4,7,58,195.74,12,6,696,144,FALSE
"635",2452,0,6,2,2,6,2,4,1,1,3,5,7,6,4,49,196.32,40,7,1960,1600,FALSE
"636",3293,0,7,6,4,7,6,4,5,6,6,1,6,7,7,72,196.63,50,6,3600,2500,FALSE
"637",3781,0,6,1,1,1,2,6,4,2,6,7,6,6,4,52,197,24,5,1248,576,FALSE
"638",3211,0,6,6,7,6,1,5,6,2,5,7,6,6,2,65,197.11,24,6,1560,576,FALSE
"639",3226,0,1,5,2,1,1,1,1,1,1,2,7,7,5,35,197.73,40,7,1400,1600,FALSE
"640",2779,0,7,6,4,4,4,2,4,4,2,2,6,6,6,57,198.22,50,7,2850,2500,FALSE
"641",2612,0,5,2,3,3,3,2,2,4,3,5,6,5,5,48,198.74,72,7,3456,5184,FALSE
"642",3400,0,5,3,1,2,2,4,1,2,4,2,5,3,7,41,201.53,50,6,2050,2500,FALSE
"643",455,0,4,4,5,5,5,6,3,6,6,4,6,7,7,68,202.11,40,6,2720,1600,FALSE
"644",2905,0,5,2,2,1,2,3,1,1,1,5,5,1,1,30,205.47,50,7,1500,2500,FALSE
"645",3832,0,6,6,4,6,2,5,5,5,2,2,6,7,6,62,205.98,50,5,3100,2500,FALSE
"646",3460,0,6,6,7,5,5,7,6,7,7,7,7,5,5,80,205.98,24,5,1920,576,FALSE
"647",3281,0,3,6,4,6,3,5,2,5,2,2,3,3,5,49,206.31,12,6,588,144,FALSE
"648",1015,0,7,7,1,1,1,1,7,1,1,1,7,7,1,43,206.67,12,7,516,144,FALSE
"649",3362,0,7,5,2,1,5,2,2,6,2,2,6,6,7,53,209.62,60,6,3180,3600,FALSE
"650",3338,0,7,5,7,7,4,4,3,4,1,4,3,1,7,57,209.86,40,6,2280,1600,FALSE
"651",2941,0,6,2,5,4,1,2,6,7,3,6,6,4,3,55,211.28,50,6,2750,2500,FALSE
"652",2504,0,6,7,7,4,7,5,5,7,6,4,7,5,2,72,211.46,50,7,3600,2500,FALSE
"653",2197,0,6,7,7,2,1,2,1,2,1,7,6,4,2,48,212.16,60,7,2880,3600,FALSE
"656",3254,0,6,3,1,1,3,3,3,7,2,7,7,3,6,52,217.01,40,7,2080,1600,FALSE
"657",3435,0,7,3,7,5,1,5,7,2,4,5,7,6,7,66,217.86,60,7,3960,3600,FALSE
"658",3144,0,7,7,1,1,1,7,1,1,7,1,7,7,7,55,220.77,12,7,660,144,FALSE
"659",784,0,6,6,6,6,6,2,1,5,4,5,5,7,7,66,221.99,60,7,3960,3600,FALSE
"660",3303,0,7,4,3,1,5,2,7,6,3,2,6,4,4,54,222.04,60,6,3240,3600,FALSE
"661",2492,0,6,4,5,3,4,3,4,3,3,6,5,5,5,56,224.11,72,5,4032,5184,FALSE
"663",3307,0,3,5,2,5,2,3,3,5,4,1,4,4,6,47,225.09,12,6,564,144,FALSE
"665",2841,0,5,2,2,2,1,3,2,7,2,2,6,5,1,40,228.03,50,6,2000,2500,FALSE
"666",3698,0,1,1,2,2,1,7,1,2,1,1,7,5,1,32,230.17,60,7,1920,3600,FALSE
"668",3439,0,6,6,6,6,4,5,5,6,5,6,6,6,5,72,230.58,60,6,4320,3600,FALSE
"669",3177,0,6,2,4,6,3,6,7,6,1,4,2,2,7,56,231.29,50,6,2800,2500,FALSE
"670",3333,0,6,7,3,5,7,6,4,6,6,3,6,5,7,71,233.29,72,5,5112,5184,FALSE
"671",2545,0,5,3,6,5,4,2,2,3,5,2,3,3,2,45,234.45,72,5,3240,5184,FALSE
"672",2792,0,7,6,1,1,1,7,4,5,4,5,7,7,7,62,234.52,24,7,1488,576,FALSE
"673",3315,0,4,7,2,1,2,1,2,6,1,1,4,6,5,42,234.82,24,6,1008,576,FALSE
"674",2955,0,6,6,2,4,2,5,7,7,6,1,6,1,2,55,239.58,72,6,3960,5184,FALSE
"675",3083,0,7,6,6,4,4,6,4,7,1,1,7,5,3,61,241.58,50,7,3050,2500,FALSE
"676",2887,0,6,5,3,4,2,4,2,3,3,6,5,4,7,54,245.99,72,6,3888,5184,FALSE
"677",2478,0,7,5,3,7,2,2,5,5,6,3,6,3,7,61,246.31,60,5,3660,3600,FALSE
"678",3170,0,6,6,6,6,4,5,6,7,6,7,6,5,7,77,247.8,12,6,924,144,FALSE
"680",2744,0,7,3,6,6,1,2,2,3,6,2,5,5,4,52,262.13,60,6,3120,3600,FALSE
"681",2537,0,7,7,4,6,2,1,7,6,6,5,5,2,7,65,264.33,50,7,3250,2500,FALSE
"682",3285,0,7,7,1,1,1,1,1,1,1,7,7,7,7,49,268.29,50,7,2450,2500,FALSE
"683",3680,0,7,7,4,3,4,4,1,5,4,2,5,4,7,57,271.08,40,6,2280,1600,FALSE
"684",2529,0,5,2,5,1,1,5,5,3,6,5,7,7,6,58,271.44,50,6,2900,2500,FALSE
"685",3576,0,4,4,7,6,1,4,2,4,1,4,1,1,4,43,274.72,72,7,3096,5184,FALSE
"686",3706,0,4,7,2,1,1,4,3,2,7,1,7,2,4,45,275.02,72,7,3240,5184,FALSE
"687",2870,0,4,7,5,2,7,4,2,7,5,3,7,4,7,64,282.86,72,7,4608,5184,FALSE
"688",3371,0,7,7,7,7,4,5,5,5,2,5,7,6,5,72,288.64,60,7,4320,3600,FALSE
"690",3459,0,5,4,5,2,2,3,1,3,4,2,7,5,3,46,291.84,40,6,1840,1600,FALSE
"691",3645,0,6,5,7,7,3,7,7,6,6,7,7,5,7,80,295.57,50,4,4000,2500,FALSE
"693",3571,0,5,7,5,7,2,2,1,5,7,4,3,4,7,59,308.41,50,7,2950,2500,FALSE
"694",2595,0,6,3,2,2,3,1,2,2,2,6,6,6,2,43,311.65,60,7,2580,3600,FALSE
"695",2212,0,1,7,5,5,2,5,5,5,5,5,3,5,7,60,314.07,60,7,3600,3600,FALSE
"696",3348,0,5,5,7,5,1,4,2,4,5,2,6,4,7,57,315.83,60,7,3420,3600,FALSE
"697",1971,0,5,6,4,4,4,3,3,3,4,3,4,3,4,50,318.16,60,6,3000,3600,FALSE
"698",3244,0,2,4,1,2,1,5,2,2,2,2,6,3,2,34,318.85,72,7,2448,5184,FALSE
"699",3182,0,5,5,1,1,4,3,1,5,3,2,5,3,5,43,323.53,72,6,3096,5184,FALSE
"700",2850,0,5,5,3,2,1,7,5,6,4,7,4,1,2,52,323.91,60,3,3120,3600,FALSE
"701",629,0,3,5,3,5,3,6,3,7,3,6,4,3,4,55,338.21,12,6,660,144,FALSE
"702",2772,0,6,2,2,1,2,7,3,7,7,5,7,6,3,58,339.18,40,7,2320,1600,FALSE
"703",3860,0,7,6,6,2,2,2,2,7,4,1,7,6,7,59,345.74,24,5,1416,576,FALSE
"704",2568,0,5,3,6,6,6,3,6,6,6,2,6,6,6,67,362.2,40,7,2680,1600,FALSE
"705",3724,0,7,4,3,5,4,2,5,2,5,7,6,5,7,62,363.82,72,6,4464,5184,FALSE
"706",1289,0,7,7,6,6,1,1,1,1,6,1,6,6,3,52,369.14,12,7,624,144,FALSE
"707",2871,0,7,7,7,5,4,4,6,7,7,7,5,4,7,77,387.42,24,4,1848,576,FALSE
"708",2586,0,4,5,1,4,2,5,5,6,4,4,7,6,2,55,399.37,50,6,2750,2500,FALSE
"709",2608,0,7,7,7,7,1,5,4,6,2,4,7,7,5,69,403.3,50,6,3450,2500,FALSE
"710",3398,0,6,1,3,1,4,6,4,7,1,6,6,4,4,53,411.4,12,6,636,144,FALSE
"711",2604,0,6,6,3,2,1,6,6,7,7,6,7,6,3,66,411.68,24,6,1584,576,FALSE
"712",2675,0,2,5,2,2,1,6,2,6,1,7,3,2,7,46,424.04,24,6,1104,576,FALSE
"714",3110,0,3,5,2,1,2,2,2,2,3,3,3,3,2,33,446.73,12,7,396,144,FALSE
"716",2527,0,2,4,2,1,1,3,2,5,2,7,6,6,1,42,474.91,12,6,504,144,FALSE
"717",415,0,7,7,7,7,3,7,6,7,7,2,6,5,7,78,506.59,40,7,3120,1600,FALSE
"720",3416,0,5,6,3,4,6,5,2,6,4,3,7,5,6,62,604.36,24,6,1488,576,FALSE
"721",2765,0,7,2,4,4,2,2,5,7,3,1,4,2,2,45,663.28,12,7,540,144,FALSE
"722",2587,0,7,6,5,6,1,4,6,7,3,5,4,5,7,66,757.35,12,7,792,144,FALSE
"723",3381,0,7,7,3,3,5,5,4,7,2,5,7,5,7,67,791.19,12,4,804,144,FALSE
"724",2618,0,7,4,4,6,5,5,5,3,5,1,5,5,5,60,807.27,72,6,4320,5184,FALSE
"725",3546,0,6,3,4,2,1,2,2,5,2,2,7,4,6,46,808.89,60,4,2760,3600,FALSE
"726",2858,0,4,5,5,7,5,5,4,5,2,3,5,5,7,62,1152.84,60,7,3720,3600,FALSE
"727",2837,0,5,6,3,2,3,7,6,7,1,3,4,4,3,54,1211.79,24,6,1296,576,FALSE
"729",2673,0,6,5,2,2,4,6,5,6,5,5,7,7,6,66,1790.83,50,7,3300,2500,FALSE
"730",3026,0,2,5,2,5,6,5,3,4,4,3,3,2,5,49,2505.4,24,6,1176,576,FALSE
"731",3762,0,7,2,1,3,2,5,5,6,7,1,7,6,2,54,4905.63,60,7,3240,3600,FALSE
"732",1980,0,6,6,7,5,2,5,1,2,4,2,6,5,7,58,7668.04,60,6,3480,3600,FALSE
"733",3276,0,6,7,6,5,2,6,6,6,2,6,7,5,6,70,14675.88,40,5,2800,1600,FALSE
"734",3626,0,6,3,7,5,5,4,4,4,4,4,5,5,6,62,92270.66,40,7,2480,1600,FALSE
